path,slide_name,label
/home/Drive4/drive2/ardhendubapu/Bach/InSitu/is092.tif,is092.tif,1
/home/Drive4/drive2/ardhendubapu/Bach/InSitu/is029.tif,is029.tif,1
/home/Drive4/drive2/ardhendubapu/Bach/InSitu/is080.tif,is080.tif,1
/home/Drive4/drive2/ardhendubapu/Bach/InSitu/is010.tif,is010.tif,1
/home/Drive4/drive2/ardhendubapu/Bach/InSitu/is034.tif,is034.tif,1
/home/Drive4/drive2/ardhendubapu/Bach/InSitu/is023.tif,is023.tif,1
/home/Drive4/drive2/ardhendubapu/Bach/InSitu/is030.tif,is030.tif,1
/home/Drive4/drive2/ardhendubapu/Bach/InSitu/is072.tif,is072.tif,1
/home/Drive4/drive2/ardhendubapu/Bach/InSitu/is008.tif,is008.tif,1
/home/Drive4/drive2/ardhendubapu/Bach/InSitu/is071.tif,is071.tif,1
/home/Drive4/drive2/ardhendubapu/Bach/InSitu/is003.tif,is003.tif,1
/home/Drive4/drive2/ardhendubapu/Bach/InSitu/is049.tif,is049.tif,1
/home/Drive4/drive2/ardhendubapu/Bach/InSitu/is043.tif,is043.tif,1
/home/Drive4/drive2/ardhendubapu/Bach/InSitu/is046.tif,is046.tif,1
/home/Drive4/drive2/ardhendubapu/Bach/InSitu/is039.tif,is039.tif,1
/home/Drive4/drive2/ardhendubapu/Bach/InSitu/is100.tif,is100.tif,1
/home/Drive4/drive2/ardhendubapu/Bach/InSitu/is020.tif,is020.tif,1
/home/Drive4/drive2/ardhendubapu/Bach/InSitu/is087.tif,is087.tif,1
/home/Drive4/drive2/ardhendubapu/Bach/InSitu/is001.tif,is001.tif,1
/home/Drive4/drive2/ardhendubapu/Bach/InSitu/is004.tif,is004.tif,1
/home/Drive4/drive2/ardhendubapu/Bach/InSitu/is031.tif,is031.tif,1
/home/Drive4/drive2/ardhendubapu/Bach/InSitu/is017.tif,is017.tif,1
/home/Drive4/drive2/ardhendubapu/Bach/InSitu/is027.tif,is027.tif,1
/home/Drive4/drive2/ardhendubapu/Bach/InSitu/is076.tif,is076.tif,1
/home/Drive4/drive2/ardhendubapu/Bach/InSitu/is050.tif,is050.tif,1
/home/Drive4/drive2/ardhendubapu/Bach/InSitu/is052.tif,is052.tif,1
/home/Drive4/drive2/ardhendubapu/Bach/InSitu/is086.tif,is086.tif,1
/home/Drive4/drive2/ardhendubapu/Bach/InSitu/is053.tif,is053.tif,1
/home/Drive4/drive2/ardhendubapu/Bach/InSitu/is014.tif,is014.tif,1
/home/Drive4/drive2/ardhendubapu/Bach/InSitu/is036.tif,is036.tif,1
/home/Drive4/drive2/ardhendubapu/Bach/InSitu/is037.tif,is037.tif,1
/home/Drive4/drive2/ardhendubapu/Bach/InSitu/is047.tif,is047.tif,1
/home/Drive4/drive2/ardhendubapu/Bach/InSitu/is022.tif,is022.tif,1
/home/Drive4/drive2/ardhendubapu/Bach/InSitu/is070.tif,is070.tif,1
/home/Drive4/drive2/ardhendubapu/Bach/InSitu/is028.tif,is028.tif,1
/home/Drive4/drive2/ardhendubapu/Bach/InSitu/is024.tif,is024.tif,1
/home/Drive4/drive2/ardhendubapu/Bach/InSitu/is009.tif,is009.tif,1
/home/Drive4/drive2/ardhendubapu/Bach/InSitu/is021.tif,is021.tif,1
/home/Drive4/drive2/ardhendubapu/Bach/InSitu/is089.tif,is089.tif,1
/home/Drive4/drive2/ardhendubapu/Bach/InSitu/is069.tif,is069.tif,1
/home/Drive4/drive2/ardhendubapu/Bach/InSitu/is025.tif,is025.tif,1
/home/Drive4/drive2/ardhendubapu/Bach/InSitu/is057.tif,is057.tif,1
/home/Drive4/drive2/ardhendubapu/Bach/InSitu/is093.tif,is093.tif,1
/home/Drive4/drive2/ardhendubapu/Bach/InSitu/is081.tif,is081.tif,1
/home/Drive4/drive2/ardhendubapu/Bach/InSitu/is045.tif,is045.tif,1
/home/Drive4/drive2/ardhendubapu/Bach/InSitu/is083.tif,is083.tif,1
/home/Drive4/drive2/ardhendubapu/Bach/InSitu/is035.tif,is035.tif,1
/home/Drive4/drive2/ardhendubapu/Bach/InSitu/is019.tif,is019.tif,1
/home/Drive4/drive2/ardhendubapu/Bach/InSitu/is077.tif,is077.tif,1
/home/Drive4/drive2/ardhendubapu/Bach/InSitu/is054.tif,is054.tif,1
/home/Drive4/drive2/ardhendubapu/Bach/InSitu/is018.tif,is018.tif,1
/home/Drive4/drive2/ardhendubapu/Bach/InSitu/is059.tif,is059.tif,1
/home/Drive4/drive2/ardhendubapu/Bach/InSitu/is056.tif,is056.tif,1
/home/Drive4/drive2/ardhendubapu/Bach/InSitu/is067.tif,is067.tif,1
/home/Drive4/drive2/ardhendubapu/Bach/InSitu/is094.tif,is094.tif,1
/home/Drive4/drive2/ardhendubapu/Bach/InSitu/is042.tif,is042.tif,1
/home/Drive4/drive2/ardhendubapu/Bach/InSitu/is032.tif,is032.tif,1
/home/Drive4/drive2/ardhendubapu/Bach/InSitu/is074.tif,is074.tif,1
/home/Drive4/drive2/ardhendubapu/Bach/InSitu/is062.tif,is062.tif,1
/home/Drive4/drive2/ardhendubapu/Bach/InSitu/is013.tif,is013.tif,1
/home/Drive4/drive2/ardhendubapu/Bach/InSitu/is051.tif,is051.tif,1
/home/Drive4/drive2/ardhendubapu/Bach/InSitu/is040.tif,is040.tif,1
/home/Drive4/drive2/ardhendubapu/Bach/InSitu/is044.tif,is044.tif,1
/home/Drive4/drive2/ardhendubapu/Bach/InSitu/is002.tif,is002.tif,1
/home/Drive4/drive2/ardhendubapu/Bach/InSitu/is011.tif,is011.tif,1
/home/Drive4/drive2/ardhendubapu/Bach/InSitu/is082.tif,is082.tif,1
/home/Drive4/drive2/ardhendubapu/Bach/InSitu/is066.tif,is066.tif,1
/home/Drive4/drive2/ardhendubapu/Bach/InSitu/is033.tif,is033.tif,1
/home/Drive4/drive2/ardhendubapu/Bach/InSitu/is068.tif,is068.tif,1
/home/Drive4/drive2/ardhendubapu/Bach/InSitu/is055.tif,is055.tif,1
/home/Drive4/drive2/ardhendubapu/Bach/InSitu/is041.tif,is041.tif,1
/home/Drive4/drive2/ardhendubapu/Bach/InSitu/is015.tif,is015.tif,1
/home/Drive4/drive2/ardhendubapu/Bach/InSitu/is038.tif,is038.tif,1
/home/Drive4/drive2/ardhendubapu/Bach/InSitu/is016.tif,is016.tif,1
/home/Drive4/drive2/ardhendubapu/Bach/InSitu/is090.tif,is090.tif,1
/home/Drive4/drive2/ardhendubapu/Bach/InSitu/is005.tif,is005.tif,1
/home/Drive4/drive2/ardhendubapu/Bach/InSitu/is048.tif,is048.tif,1
/home/Drive4/drive2/ardhendubapu/Bach/InSitu/is078.tif,is078.tif,1
/home/Drive4/drive2/ardhendubapu/Bach/InSitu/is064.tif,is064.tif,1
/home/Drive4/drive2/ardhendubapu/Bach/InSitu/is063.tif,is063.tif,1
/home/Drive4/drive2/ardhendubapu/Bach/InSitu/is097.tif,is097.tif,1
/home/Drive4/drive2/ardhendubapu/Bach/InSitu/is006.tif,is006.tif,1
/home/Drive4/drive2/ardhendubapu/Bach/InSitu/is098.tif,is098.tif,1
/home/Drive4/drive2/ardhendubapu/Bach/InSitu/is088.tif,is088.tif,1
/home/Drive4/drive2/ardhendubapu/Bach/InSitu/is007.tif,is007.tif,1
/home/Drive4/drive2/ardhendubapu/Bach/InSitu/is096.tif,is096.tif,1
/home/Drive4/drive2/ardhendubapu/Bach/InSitu/is099.tif,is099.tif,1
/home/Drive4/drive2/ardhendubapu/Bach/InSitu/is026.tif,is026.tif,1
/home/Drive4/drive2/ardhendubapu/Bach/InSitu/is012.tif,is012.tif,1
/home/Drive4/drive2/ardhendubapu/Bach/InSitu/is073.tif,is073.tif,1
/home/Drive4/drive2/ardhendubapu/Bach/InSitu/is091.tif,is091.tif,1
/home/Drive4/drive2/ardhendubapu/Bach/InSitu/is085.tif,is085.tif,1
/home/Drive4/drive2/ardhendubapu/Bach/InSitu/is060.tif,is060.tif,1
/home/Drive4/drive2/ardhendubapu/Bach/InSitu/is061.tif,is061.tif,1
/home/Drive4/drive2/ardhendubapu/Bach/InSitu/is095.tif,is095.tif,1
/home/Drive4/drive2/ardhendubapu/Bach/InSitu/is065.tif,is065.tif,1
/home/Drive4/drive2/ardhendubapu/Bach/InSitu/is079.tif,is079.tif,1
/home/Drive4/drive2/ardhendubapu/Bach/InSitu/is084.tif,is084.tif,1
/home/Drive4/drive2/ardhendubapu/Bach/InSitu/is058.tif,is058.tif,1
/home/Drive4/drive2/ardhendubapu/Bach/InSitu/is075.tif,is075.tif,1
/home/Drive4/drive2/ardhendubapu/Bach/Normal/n094.tif,n094.tif,0
/home/Drive4/drive2/ardhendubapu/Bach/Normal/n010.tif,n010.tif,0
/home/Drive4/drive2/ardhendubapu/Bach/Normal/n018.tif,n018.tif,0
/home/Drive4/drive2/ardhendubapu/Bach/Normal/n098.tif,n098.tif,0
/home/Drive4/drive2/ardhendubapu/Bach/Normal/n030.tif,n030.tif,0
/home/Drive4/drive2/ardhendubapu/Bach/Normal/n056.tif,n056.tif,0
/home/Drive4/drive2/ardhendubapu/Bach/Normal/n079.tif,n079.tif,0
/home/Drive4/drive2/ardhendubapu/Bach/Normal/n005.tif,n005.tif,0
/home/Drive4/drive2/ardhendubapu/Bach/Normal/n080.tif,n080.tif,0
/home/Drive4/drive2/ardhendubapu/Bach/Normal/n092.tif,n092.tif,0
/home/Drive4/drive2/ardhendubapu/Bach/Normal/n023.tif,n023.tif,0
/home/Drive4/drive2/ardhendubapu/Bach/Normal/n032.tif,n032.tif,0
/home/Drive4/drive2/ardhendubapu/Bach/Normal/n091.tif,n091.tif,0
/home/Drive4/drive2/ardhendubapu/Bach/Normal/n011.tif,n011.tif,0
/home/Drive4/drive2/ardhendubapu/Bach/Normal/n050.tif,n050.tif,0
/home/Drive4/drive2/ardhendubapu/Bach/Normal/n065.tif,n065.tif,0
/home/Drive4/drive2/ardhendubapu/Bach/Normal/n008.tif,n008.tif,0
/home/Drive4/drive2/ardhendubapu/Bach/Normal/n004.tif,n004.tif,0
/home/Drive4/drive2/ardhendubapu/Bach/Normal/n061.tif,n061.tif,0
/home/Drive4/drive2/ardhendubapu/Bach/Normal/n002.tif,n002.tif,0
/home/Drive4/drive2/ardhendubapu/Bach/Normal/n084.tif,n084.tif,0
/home/Drive4/drive2/ardhendubapu/Bach/Normal/n024.tif,n024.tif,0
/home/Drive4/drive2/ardhendubapu/Bach/Normal/n057.tif,n057.tif,0
/home/Drive4/drive2/ardhendubapu/Bach/Normal/n059.tif,n059.tif,0
/home/Drive4/drive2/ardhendubapu/Bach/Normal/n013.tif,n013.tif,0
/home/Drive4/drive2/ardhendubapu/Bach/Normal/n045.tif,n045.tif,0
/home/Drive4/drive2/ardhendubapu/Bach/Normal/n066.tif,n066.tif,0
/home/Drive4/drive2/ardhendubapu/Bach/Normal/n031.tif,n031.tif,0
/home/Drive4/drive2/ardhendubapu/Bach/Normal/n085.tif,n085.tif,0
/home/Drive4/drive2/ardhendubapu/Bach/Normal/n069.tif,n069.tif,0
/home/Drive4/drive2/ardhendubapu/Bach/Normal/n095.tif,n095.tif,0
/home/Drive4/drive2/ardhendubapu/Bach/Normal/n072.tif,n072.tif,0
/home/Drive4/drive2/ardhendubapu/Bach/Normal/n064.tif,n064.tif,0
/home/Drive4/drive2/ardhendubapu/Bach/Normal/n036.tif,n036.tif,0
/home/Drive4/drive2/ardhendubapu/Bach/Normal/n074.tif,n074.tif,0
/home/Drive4/drive2/ardhendubapu/Bach/Normal/n096.tif,n096.tif,0
/home/Drive4/drive2/ardhendubapu/Bach/Normal/n012.tif,n012.tif,0
/home/Drive4/drive2/ardhendubapu/Bach/Normal/n097.tif,n097.tif,0
/home/Drive4/drive2/ardhendubapu/Bach/Normal/n087.tif,n087.tif,0
/home/Drive4/drive2/ardhendubapu/Bach/Normal/n053.tif,n053.tif,0
/home/Drive4/drive2/ardhendubapu/Bach/Normal/n034.tif,n034.tif,0
/home/Drive4/drive2/ardhendubapu/Bach/Normal/n009.tif,n009.tif,0
/home/Drive4/drive2/ardhendubapu/Bach/Normal/n025.tif,n025.tif,0
/home/Drive4/drive2/ardhendubapu/Bach/Normal/n014.tif,n014.tif,0
/home/Drive4/drive2/ardhendubapu/Bach/Normal/n028.tif,n028.tif,0
/home/Drive4/drive2/ardhendubapu/Bach/Normal/n026.tif,n026.tif,0
/home/Drive4/drive2/ardhendubapu/Bach/Normal/n001.tif,n001.tif,0
/home/Drive4/drive2/ardhendubapu/Bach/Normal/n070.tif,n070.tif,0
/home/Drive4/drive2/ardhendubapu/Bach/Normal/n093.tif,n093.tif,0
/home/Drive4/drive2/ardhendubapu/Bach/Normal/n022.tif,n022.tif,0
/home/Drive4/drive2/ardhendubapu/Bach/Normal/n088.tif,n088.tif,0
/home/Drive4/drive2/ardhendubapu/Bach/Normal/n020.tif,n020.tif,0
/home/Drive4/drive2/ardhendubapu/Bach/Normal/n019.tif,n019.tif,0
/home/Drive4/drive2/ardhendubapu/Bach/Normal/n086.tif,n086.tif,0
/home/Drive4/drive2/ardhendubapu/Bach/Normal/n051.tif,n051.tif,0
/home/Drive4/drive2/ardhendubapu/Bach/Normal/n038.tif,n038.tif,0
/home/Drive4/drive2/ardhendubapu/Bach/Normal/n049.tif,n049.tif,0
/home/Drive4/drive2/ardhendubapu/Bach/Normal/n029.tif,n029.tif,0
/home/Drive4/drive2/ardhendubapu/Bach/Normal/n073.tif,n073.tif,0
/home/Drive4/drive2/ardhendubapu/Bach/Normal/n081.tif,n081.tif,0
/home/Drive4/drive2/ardhendubapu/Bach/Normal/n006.tif,n006.tif,0
/home/Drive4/drive2/ardhendubapu/Bach/Normal/n058.tif,n058.tif,0
/home/Drive4/drive2/ardhendubapu/Bach/Normal/n033.tif,n033.tif,0
/home/Drive4/drive2/ardhendubapu/Bach/Normal/n100.tif,n100.tif,0
/home/Drive4/drive2/ardhendubapu/Bach/Normal/n089.tif,n089.tif,0
/home/Drive4/drive2/ardhendubapu/Bach/Normal/n077.tif,n077.tif,0
/home/Drive4/drive2/ardhendubapu/Bach/Normal/n048.tif,n048.tif,0
/home/Drive4/drive2/ardhendubapu/Bach/Normal/n007.tif,n007.tif,0
/home/Drive4/drive2/ardhendubapu/Bach/Normal/n047.tif,n047.tif,0
/home/Drive4/drive2/ardhendubapu/Bach/Normal/n060.tif,n060.tif,0
/home/Drive4/drive2/ardhendubapu/Bach/Normal/n075.tif,n075.tif,0
/home/Drive4/drive2/ardhendubapu/Bach/Normal/n067.tif,n067.tif,0
/home/Drive4/drive2/ardhendubapu/Bach/Normal/n083.tif,n083.tif,0
/home/Drive4/drive2/ardhendubapu/Bach/Normal/n071.tif,n071.tif,0
/home/Drive4/drive2/ardhendubapu/Bach/Normal/n090.tif,n090.tif,0
/home/Drive4/drive2/ardhendubapu/Bach/Normal/n035.tif,n035.tif,0
/home/Drive4/drive2/ardhendubapu/Bach/Normal/n021.tif,n021.tif,0
/home/Drive4/drive2/ardhendubapu/Bach/Normal/n078.tif,n078.tif,0
/home/Drive4/drive2/ardhendubapu/Bach/Normal/n016.tif,n016.tif,0
/home/Drive4/drive2/ardhendubapu/Bach/Normal/n076.tif,n076.tif,0
/home/Drive4/drive2/ardhendubapu/Bach/Normal/n015.tif,n015.tif,0
/home/Drive4/drive2/ardhendubapu/Bach/Normal/n027.tif,n027.tif,0
/home/Drive4/drive2/ardhendubapu/Bach/Normal/n039.tif,n039.tif,0
/home/Drive4/drive2/ardhendubapu/Bach/Normal/n046.tif,n046.tif,0
/home/Drive4/drive2/ardhendubapu/Bach/Normal/n044.tif,n044.tif,0
/home/Drive4/drive2/ardhendubapu/Bach/Normal/n037.tif,n037.tif,0
/home/Drive4/drive2/ardhendubapu/Bach/Normal/n043.tif,n043.tif,0
/home/Drive4/drive2/ardhendubapu/Bach/Normal/n052.tif,n052.tif,0
/home/Drive4/drive2/ardhendubapu/Bach/Normal/n017.tif,n017.tif,0
/home/Drive4/drive2/ardhendubapu/Bach/Normal/n042.tif,n042.tif,0
/home/Drive4/drive2/ardhendubapu/Bach/Normal/n099.tif,n099.tif,0
/home/Drive4/drive2/ardhendubapu/Bach/Normal/n003.tif,n003.tif,0
/home/Drive4/drive2/ardhendubapu/Bach/Normal/n040.tif,n040.tif,0
/home/Drive4/drive2/ardhendubapu/Bach/Normal/n063.tif,n063.tif,0
/home/Drive4/drive2/ardhendubapu/Bach/Normal/n068.tif,n068.tif,0
/home/Drive4/drive2/ardhendubapu/Bach/Normal/n041.tif,n041.tif,0
/home/Drive4/drive2/ardhendubapu/Bach/Normal/n062.tif,n062.tif,0
/home/Drive4/drive2/ardhendubapu/Bach/Normal/n055.tif,n055.tif,0
/home/Drive4/drive2/ardhendubapu/Bach/Normal/n082.tif,n082.tif,0
/home/Drive4/drive2/ardhendubapu/Bach/Normal/n054.tif,n054.tif,0
/home/Drive4/drive2/ardhendubapu/Bach/Benign/b073.tif,b073.tif,2
/home/Drive4/drive2/ardhendubapu/Bach/Benign/b088.tif,b088.tif,2
/home/Drive4/drive2/ardhendubapu/Bach/Benign/b017.tif,b017.tif,2
/home/Drive4/drive2/ardhendubapu/Bach/Benign/b055.tif,b055.tif,2
/home/Drive4/drive2/ardhendubapu/Bach/Benign/b018.tif,b018.tif,2
/home/Drive4/drive2/ardhendubapu/Bach/Benign/b037.tif,b037.tif,2
/home/Drive4/drive2/ardhendubapu/Bach/Benign/b050.tif,b050.tif,2
/home/Drive4/drive2/ardhendubapu/Bach/Benign/b002.tif,b002.tif,2
/home/Drive4/drive2/ardhendubapu/Bach/Benign/b100.tif,b100.tif,2
/home/Drive4/drive2/ardhendubapu/Bach/Benign/b014.tif,b014.tif,2
/home/Drive4/drive2/ardhendubapu/Bach/Benign/b077.tif,b077.tif,2
/home/Drive4/drive2/ardhendubapu/Bach/Benign/b078.tif,b078.tif,2
/home/Drive4/drive2/ardhendubapu/Bach/Benign/b062.tif,b062.tif,2
/home/Drive4/drive2/ardhendubapu/Bach/Benign/b052.tif,b052.tif,2
/home/Drive4/drive2/ardhendubapu/Bach/Benign/b097.tif,b097.tif,2
/home/Drive4/drive2/ardhendubapu/Bach/Benign/b065.tif,b065.tif,2
/home/Drive4/drive2/ardhendubapu/Bach/Benign/b035.tif,b035.tif,2
/home/Drive4/drive2/ardhendubapu/Bach/Benign/b013.tif,b013.tif,2
/home/Drive4/drive2/ardhendubapu/Bach/Benign/b009.tif,b009.tif,2
/home/Drive4/drive2/ardhendubapu/Bach/Benign/b036.tif,b036.tif,2
/home/Drive4/drive2/ardhendubapu/Bach/Benign/b083.tif,b083.tif,2
/home/Drive4/drive2/ardhendubapu/Bach/Benign/b059.tif,b059.tif,2
/home/Drive4/drive2/ardhendubapu/Bach/Benign/b090.tif,b090.tif,2
/home/Drive4/drive2/ardhendubapu/Bach/Benign/b043.tif,b043.tif,2
/home/Drive4/drive2/ardhendubapu/Bach/Benign/b016.tif,b016.tif,2
/home/Drive4/drive2/ardhendubapu/Bach/Benign/b023.tif,b023.tif,2
/home/Drive4/drive2/ardhendubapu/Bach/Benign/b054.tif,b054.tif,2
/home/Drive4/drive2/ardhendubapu/Bach/Benign/b011.tif,b011.tif,2
/home/Drive4/drive2/ardhendubapu/Bach/Benign/b004.tif,b004.tif,2
/home/Drive4/drive2/ardhendubapu/Bach/Benign/b060.tif,b060.tif,2
/home/Drive4/drive2/ardhendubapu/Bach/Benign/b069.tif,b069.tif,2
/home/Drive4/drive2/ardhendubapu/Bach/Benign/b008.tif,b008.tif,2
/home/Drive4/drive2/ardhendubapu/Bach/Benign/b063.tif,b063.tif,2
/home/Drive4/drive2/ardhendubapu/Bach/Benign/b093.tif,b093.tif,2
/home/Drive4/drive2/ardhendubapu/Bach/Benign/b046.tif,b046.tif,2
/home/Drive4/drive2/ardhendubapu/Bach/Benign/b028.tif,b028.tif,2
/home/Drive4/drive2/ardhendubapu/Bach/Benign/b003.tif,b003.tif,2
/home/Drive4/drive2/ardhendubapu/Bach/Benign/b001.tif,b001.tif,2
/home/Drive4/drive2/ardhendubapu/Bach/Benign/b067.tif,b067.tif,2
/home/Drive4/drive2/ardhendubapu/Bach/Benign/b044.tif,b044.tif,2
/home/Drive4/drive2/ardhendubapu/Bach/Benign/b039.tif,b039.tif,2
/home/Drive4/drive2/ardhendubapu/Bach/Benign/b007.tif,b007.tif,2
/home/Drive4/drive2/ardhendubapu/Bach/Benign/b021.tif,b021.tif,2
/home/Drive4/drive2/ardhendubapu/Bach/Benign/b075.tif,b075.tif,2
/home/Drive4/drive2/ardhendubapu/Bach/Benign/b048.tif,b048.tif,2
/home/Drive4/drive2/ardhendubapu/Bach/Benign/b076.tif,b076.tif,2
/home/Drive4/drive2/ardhendubapu/Bach/Benign/b010.tif,b010.tif,2
/home/Drive4/drive2/ardhendubapu/Bach/Benign/b015.tif,b015.tif,2
/home/Drive4/drive2/ardhendubapu/Bach/Benign/b041.tif,b041.tif,2
/home/Drive4/drive2/ardhendubapu/Bach/Benign/b072.tif,b072.tif,2
/home/Drive4/drive2/ardhendubapu/Bach/Benign/b096.tif,b096.tif,2
/home/Drive4/drive2/ardhendubapu/Bach/Benign/b095.tif,b095.tif,2
/home/Drive4/drive2/ardhendubapu/Bach/Benign/b012.tif,b012.tif,2
/home/Drive4/drive2/ardhendubapu/Bach/Benign/b027.tif,b027.tif,2
/home/Drive4/drive2/ardhendubapu/Bach/Benign/b061.tif,b061.tif,2
/home/Drive4/drive2/ardhendubapu/Bach/Benign/b080.tif,b080.tif,2
/home/Drive4/drive2/ardhendubapu/Bach/Benign/b042.tif,b042.tif,2
/home/Drive4/drive2/ardhendubapu/Bach/Benign/b022.tif,b022.tif,2
/home/Drive4/drive2/ardhendubapu/Bach/Benign/b057.tif,b057.tif,2
/home/Drive4/drive2/ardhendubapu/Bach/Benign/b066.tif,b066.tif,2
/home/Drive4/drive2/ardhendubapu/Bach/Benign/b070.tif,b070.tif,2
/home/Drive4/drive2/ardhendubapu/Bach/Benign/b087.tif,b087.tif,2
/home/Drive4/drive2/ardhendubapu/Bach/Benign/b056.tif,b056.tif,2
/home/Drive4/drive2/ardhendubapu/Bach/Benign/b020.tif,b020.tif,2
/home/Drive4/drive2/ardhendubapu/Bach/Benign/b068.tif,b068.tif,2
/home/Drive4/drive2/ardhendubapu/Bach/Benign/b071.tif,b071.tif,2
/home/Drive4/drive2/ardhendubapu/Bach/Benign/b091.tif,b091.tif,2
/home/Drive4/drive2/ardhendubapu/Bach/Benign/b005.tif,b005.tif,2
/home/Drive4/drive2/ardhendubapu/Bach/Benign/b053.tif,b053.tif,2
/home/Drive4/drive2/ardhendubapu/Bach/Benign/b058.tif,b058.tif,2
/home/Drive4/drive2/ardhendubapu/Bach/Benign/b031.tif,b031.tif,2
/home/Drive4/drive2/ardhendubapu/Bach/Benign/b049.tif,b049.tif,2
/home/Drive4/drive2/ardhendubapu/Bach/Benign/b047.tif,b047.tif,2
/home/Drive4/drive2/ardhendubapu/Bach/Benign/b098.tif,b098.tif,2
/home/Drive4/drive2/ardhendubapu/Bach/Benign/b051.tif,b051.tif,2
/home/Drive4/drive2/ardhendubapu/Bach/Benign/b006.tif,b006.tif,2
/home/Drive4/drive2/ardhendubapu/Bach/Benign/b033.tif,b033.tif,2
/home/Drive4/drive2/ardhendubapu/Bach/Benign/b074.tif,b074.tif,2
/home/Drive4/drive2/ardhendubapu/Bach/Benign/b094.tif,b094.tif,2
/home/Drive4/drive2/ardhendubapu/Bach/Benign/b019.tif,b019.tif,2
/home/Drive4/drive2/ardhendubapu/Bach/Benign/b089.tif,b089.tif,2
/home/Drive4/drive2/ardhendubapu/Bach/Benign/b085.tif,b085.tif,2
/home/Drive4/drive2/ardhendubapu/Bach/Benign/b025.tif,b025.tif,2
/home/Drive4/drive2/ardhendubapu/Bach/Benign/b040.tif,b040.tif,2
/home/Drive4/drive2/ardhendubapu/Bach/Benign/b099.tif,b099.tif,2
/home/Drive4/drive2/ardhendubapu/Bach/Benign/b038.tif,b038.tif,2
/home/Drive4/drive2/ardhendubapu/Bach/Benign/b079.tif,b079.tif,2
/home/Drive4/drive2/ardhendubapu/Bach/Benign/b032.tif,b032.tif,2
/home/Drive4/drive2/ardhendubapu/Bach/Benign/b024.tif,b024.tif,2
/home/Drive4/drive2/ardhendubapu/Bach/Benign/b081.tif,b081.tif,2
/home/Drive4/drive2/ardhendubapu/Bach/Benign/b045.tif,b045.tif,2
/home/Drive4/drive2/ardhendubapu/Bach/Benign/b082.tif,b082.tif,2
/home/Drive4/drive2/ardhendubapu/Bach/Benign/b084.tif,b084.tif,2
/home/Drive4/drive2/ardhendubapu/Bach/Benign/b092.tif,b092.tif,2
/home/Drive4/drive2/ardhendubapu/Bach/Benign/b030.tif,b030.tif,2
/home/Drive4/drive2/ardhendubapu/Bach/Benign/b086.tif,b086.tif,2
/home/Drive4/drive2/ardhendubapu/Bach/Benign/b064.tif,b064.tif,2
/home/Drive4/drive2/ardhendubapu/Bach/Benign/b034.tif,b034.tif,2
/home/Drive4/drive2/ardhendubapu/Bach/Benign/b029.tif,b029.tif,2
/home/Drive4/drive2/ardhendubapu/Bach/Benign/b026.tif,b026.tif,2
/home/Drive4/drive2/ardhendubapu/Bach/Invasive/iv062.tif,iv062.tif,3
/home/Drive4/drive2/ardhendubapu/Bach/Invasive/iv051.tif,iv051.tif,3
/home/Drive4/drive2/ardhendubapu/Bach/Invasive/iv091.tif,iv091.tif,3
/home/Drive4/drive2/ardhendubapu/Bach/Invasive/iv080.tif,iv080.tif,3
/home/Drive4/drive2/ardhendubapu/Bach/Invasive/iv036.tif,iv036.tif,3
/home/Drive4/drive2/ardhendubapu/Bach/Invasive/iv081.tif,iv081.tif,3
/home/Drive4/drive2/ardhendubapu/Bach/Invasive/iv009.tif,iv009.tif,3
/home/Drive4/drive2/ardhendubapu/Bach/Invasive/iv024.tif,iv024.tif,3
/home/Drive4/drive2/ardhendubapu/Bach/Invasive/iv043.tif,iv043.tif,3
/home/Drive4/drive2/ardhendubapu/Bach/Invasive/iv073.tif,iv073.tif,3
/home/Drive4/drive2/ardhendubapu/Bach/Invasive/iv085.tif,iv085.tif,3
/home/Drive4/drive2/ardhendubapu/Bach/Invasive/iv012.tif,iv012.tif,3
/home/Drive4/drive2/ardhendubapu/Bach/Invasive/iv053.tif,iv053.tif,3
/home/Drive4/drive2/ardhendubapu/Bach/Invasive/iv092.tif,iv092.tif,3
/home/Drive4/drive2/ardhendubapu/Bach/Invasive/iv052.tif,iv052.tif,3
/home/Drive4/drive2/ardhendubapu/Bach/Invasive/iv075.tif,iv075.tif,3
/home/Drive4/drive2/ardhendubapu/Bach/Invasive/iv032.tif,iv032.tif,3
/home/Drive4/drive2/ardhendubapu/Bach/Invasive/iv031.tif,iv031.tif,3
/home/Drive4/drive2/ardhendubapu/Bach/Invasive/iv055.tif,iv055.tif,3
/home/Drive4/drive2/ardhendubapu/Bach/Invasive/iv090.tif,iv090.tif,3
/home/Drive4/drive2/ardhendubapu/Bach/Invasive/iv042.tif,iv042.tif,3
/home/Drive4/drive2/ardhendubapu/Bach/Invasive/iv002.tif,iv002.tif,3
/home/Drive4/drive2/ardhendubapu/Bach/Invasive/iv029.tif,iv029.tif,3
/home/Drive4/drive2/ardhendubapu/Bach/Invasive/iv061.tif,iv061.tif,3
/home/Drive4/drive2/ardhendubapu/Bach/Invasive/iv099.tif,iv099.tif,3
/home/Drive4/drive2/ardhendubapu/Bach/Invasive/iv049.tif,iv049.tif,3
/home/Drive4/drive2/ardhendubapu/Bach/Invasive/iv026.tif,iv026.tif,3
/home/Drive4/drive2/ardhendubapu/Bach/Invasive/iv017.tif,iv017.tif,3
/home/Drive4/drive2/ardhendubapu/Bach/Invasive/iv041.tif,iv041.tif,3
/home/Drive4/drive2/ardhendubapu/Bach/Invasive/iv015.tif,iv015.tif,3
/home/Drive4/drive2/ardhendubapu/Bach/Invasive/iv005.tif,iv005.tif,3
/home/Drive4/drive2/ardhendubapu/Bach/Invasive/iv083.tif,iv083.tif,3
/home/Drive4/drive2/ardhendubapu/Bach/Invasive/iv046.tif,iv046.tif,3
/home/Drive4/drive2/ardhendubapu/Bach/Invasive/iv025.tif,iv025.tif,3
/home/Drive4/drive2/ardhendubapu/Bach/Invasive/iv100.tif,iv100.tif,3
/home/Drive4/drive2/ardhendubapu/Bach/Invasive/iv019.tif,iv019.tif,3
/home/Drive4/drive2/ardhendubapu/Bach/Invasive/iv016.tif,iv016.tif,3
/home/Drive4/drive2/ardhendubapu/Bach/Invasive/iv039.tif,iv039.tif,3
/home/Drive4/drive2/ardhendubapu/Bach/Invasive/iv010.tif,iv010.tif,3
/home/Drive4/drive2/ardhendubapu/Bach/Invasive/iv069.tif,iv069.tif,3
/home/Drive4/drive2/ardhendubapu/Bach/Invasive/iv079.tif,iv079.tif,3
/home/Drive4/drive2/ardhendubapu/Bach/Invasive/iv059.tif,iv059.tif,3
/home/Drive4/drive2/ardhendubapu/Bach/Invasive/iv072.tif,iv072.tif,3
/home/Drive4/drive2/ardhendubapu/Bach/Invasive/iv040.tif,iv040.tif,3
/home/Drive4/drive2/ardhendubapu/Bach/Invasive/iv044.tif,iv044.tif,3
/home/Drive4/drive2/ardhendubapu/Bach/Invasive/iv034.tif,iv034.tif,3
/home/Drive4/drive2/ardhendubapu/Bach/Invasive/iv047.tif,iv047.tif,3
/home/Drive4/drive2/ardhendubapu/Bach/Invasive/iv050.tif,iv050.tif,3
/home/Drive4/drive2/ardhendubapu/Bach/Invasive/iv004.tif,iv004.tif,3
/home/Drive4/drive2/ardhendubapu/Bach/Invasive/iv089.tif,iv089.tif,3
/home/Drive4/drive2/ardhendubapu/Bach/Invasive/iv097.tif,iv097.tif,3
/home/Drive4/drive2/ardhendubapu/Bach/Invasive/iv007.tif,iv007.tif,3
/home/Drive4/drive2/ardhendubapu/Bach/Invasive/iv013.tif,iv013.tif,3
/home/Drive4/drive2/ardhendubapu/Bach/Invasive/iv056.tif,iv056.tif,3
/home/Drive4/drive2/ardhendubapu/Bach/Invasive/iv093.tif,iv093.tif,3
/home/Drive4/drive2/ardhendubapu/Bach/Invasive/iv011.tif,iv011.tif,3
/home/Drive4/drive2/ardhendubapu/Bach/Invasive/iv021.tif,iv021.tif,3
/home/Drive4/drive2/ardhendubapu/Bach/Invasive/iv037.tif,iv037.tif,3
/home/Drive4/drive2/ardhendubapu/Bach/Invasive/iv094.tif,iv094.tif,3
/home/Drive4/drive2/ardhendubapu/Bach/Invasive/iv074.tif,iv074.tif,3
/home/Drive4/drive2/ardhendubapu/Bach/Invasive/iv087.tif,iv087.tif,3
/home/Drive4/drive2/ardhendubapu/Bach/Invasive/iv022.tif,iv022.tif,3
/home/Drive4/drive2/ardhendubapu/Bach/Invasive/iv068.tif,iv068.tif,3
/home/Drive4/drive2/ardhendubapu/Bach/Invasive/iv030.tif,iv030.tif,3
/home/Drive4/drive2/ardhendubapu/Bach/Invasive/iv096.tif,iv096.tif,3
/home/Drive4/drive2/ardhendubapu/Bach/Invasive/iv098.tif,iv098.tif,3
/home/Drive4/drive2/ardhendubapu/Bach/Invasive/iv082.tif,iv082.tif,3
/home/Drive4/drive2/ardhendubapu/Bach/Invasive/iv086.tif,iv086.tif,3
/home/Drive4/drive2/ardhendubapu/Bach/Invasive/iv084.tif,iv084.tif,3
/home/Drive4/drive2/ardhendubapu/Bach/Invasive/iv064.tif,iv064.tif,3
/home/Drive4/drive2/ardhendubapu/Bach/Invasive/iv058.tif,iv058.tif,3
/home/Drive4/drive2/ardhendubapu/Bach/Invasive/iv071.tif,iv071.tif,3
/home/Drive4/drive2/ardhendubapu/Bach/Invasive/iv008.tif,iv008.tif,3
/home/Drive4/drive2/ardhendubapu/Bach/Invasive/iv035.tif,iv035.tif,3
/home/Drive4/drive2/ardhendubapu/Bach/Invasive/iv060.tif,iv060.tif,3
/home/Drive4/drive2/ardhendubapu/Bach/Invasive/iv045.tif,iv045.tif,3
/home/Drive4/drive2/ardhendubapu/Bach/Invasive/iv078.tif,iv078.tif,3
/home/Drive4/drive2/ardhendubapu/Bach/Invasive/iv018.tif,iv018.tif,3
/home/Drive4/drive2/ardhendubapu/Bach/Invasive/iv027.tif,iv027.tif,3
/home/Drive4/drive2/ardhendubapu/Bach/Invasive/iv003.tif,iv003.tif,3
/home/Drive4/drive2/ardhendubapu/Bach/Invasive/iv023.tif,iv023.tif,3
/home/Drive4/drive2/ardhendubapu/Bach/Invasive/iv038.tif,iv038.tif,3
/home/Drive4/drive2/ardhendubapu/Bach/Invasive/iv006.tif,iv006.tif,3
/home/Drive4/drive2/ardhendubapu/Bach/Invasive/iv048.tif,iv048.tif,3
/home/Drive4/drive2/ardhendubapu/Bach/Invasive/iv063.tif,iv063.tif,3
/home/Drive4/drive2/ardhendubapu/Bach/Invasive/iv066.tif,iv066.tif,3
/home/Drive4/drive2/ardhendubapu/Bach/Invasive/iv095.tif,iv095.tif,3
/home/Drive4/drive2/ardhendubapu/Bach/Invasive/iv020.tif,iv020.tif,3
/home/Drive4/drive2/ardhendubapu/Bach/Invasive/iv076.tif,iv076.tif,3
/home/Drive4/drive2/ardhendubapu/Bach/Invasive/iv028.tif,iv028.tif,3
/home/Drive4/drive2/ardhendubapu/Bach/Invasive/iv077.tif,iv077.tif,3
/home/Drive4/drive2/ardhendubapu/Bach/Invasive/iv065.tif,iv065.tif,3
/home/Drive4/drive2/ardhendubapu/Bach/Invasive/iv001.tif,iv001.tif,3
/home/Drive4/drive2/ardhendubapu/Bach/Invasive/iv088.tif,iv088.tif,3
/home/Drive4/drive2/ardhendubapu/Bach/Invasive/iv057.tif,iv057.tif,3
/home/Drive4/drive2/ardhendubapu/Bach/Invasive/iv014.tif,iv014.tif,3
/home/Drive4/drive2/ardhendubapu/Bach/Invasive/iv067.tif,iv067.tif,3
/home/Drive4/drive2/ardhendubapu/Bach/Invasive/iv033.tif,iv033.tif,3
/home/Drive4/drive2/ardhendubapu/Bach/Invasive/iv054.tif,iv054.tif,3
/home/Drive4/drive2/ardhendubapu/Bach/Invasive/iv070.tif,iv070.tif,3
